{
  "timestamp": "2025-07-10T20:15:41.650852",
  "metrics": {
    "execution_time": 12.150509119033813,
    "resource_usage": 0.9005120449002615,
    "error_rate": 0,
    "code_complexity": 16.650513887405396,
    "task_completion_rate": 0.9505149059232106,
    "cost_efficiency": 0.8005159359073593
  }
}