{
  "timestamp": 1752172058.642857,
  "baseline_metrics": {
    "file_operations": 0.007544994354248047,
    "computation_speed": 0.009181022644042969,
    "memory_efficiency": 0.002480030059814453,
    "concurrency_performance": 0.0003368854522705078,
    "system_responsiveness": 0.019552946090698242
  },
  "optimized_metrics": {
    "file_operations": 0.009122848510742188,
    "computation_speed": 0.0068819522857666016,
    "memory_efficiency": 0.002178192138671875,
    "concurrency_performance": 0.0017538070678710938,
    "system_responsiveness": 0.0199429988861084
  },
  "improvements": {
    "file_operations": {
      "baseline": 0.007544994354248047,
      "optimized": 0.009122848510742188,
      "improvement_percent": -20.912595588699993,
      "improvement_factor": 0.827043696424838
    },
    "computation_speed": {
      "baseline": 0.009181022644042969,
      "optimized": 0.0068819522857666016,
      "improvement_percent": 25.041549807832137,
      "improvement_factor": 1.3340724060280618
    },
    "memory_efficiency": {
      "baseline": 0.002480030059814453,
      "optimized": 0.002178192138671875,
      "improvement_percent": 12.17073639684676,
      "improvement_factor": 1.1385726795096323
    },
    "concurrency_performance": {
      "baseline": 0.0003368854522705078,
      "optimized": 0.0017538070678710938,
      "improvement_percent": -420.5944798301486,
      "improvement_factor": 0.19208809135399674
    },
    "system_responsiveness": {
      "baseline": 0.019552946090698242,
      "optimized": 0.0199429988861084,
      "improvement_percent": -1.9948543488068675,
      "improvement_factor": 0.9804416177507861
    }
  },
  "summary": {
    "total_metrics_improved": 2,
    "total_metrics_measured": 5,
    "average_improvement_percent": -81.25792871259532,
    "best_improvement": {
      "metric": "computation_speed",
      "improvement_percent": 25.041549807832137
    },
    "overall_success": false
  },
  "validation_status": "completed",
  "recommendations": [
    "Further optimize file_operations - only -20.9% improvement",
    "Excellent improvement in computation_speed - 25.0% faster",
    "Further optimize concurrency_performance - only -420.6% improvement",
    "Further optimize system_responsiveness - only -2.0% improvement",
    "Continue monitoring performance metrics regularly",
    "Implement automated performance regression testing",
    "Consider additional optimizations for metrics with < 10% improvement",
    "Document successful optimization techniques for future use"
  ]
}