{
  "total_time": 0.8028411865234375,
  "tasks_completed": 0,
  "research_sessions": 0,
  "success_rate": 0.0,
  "autonomy_score": 1.0,
  "average_time_per_task": 0.8028411865234375,
  "workflow_state": "executing",
  "timestamp": 1752169964.995434
}