{
  "total_time": 1.0122003555297852,
  "tasks_completed": 0,
  "research_sessions": 0,
  "success_rate": 0.0,
  "autonomy_score": 1.0,
  "average_time_per_task": 1.0122003555297852,
  "workflow_state": "executing",
  "timestamp": 1752171023.374293
}