{
  "timestamp": "2025-07-10T20:28:57.551081",
  "metrics": {
    "execution_time": 13.048983097076416,
    "resource_usage": 0.898985069268577,
    "error_rate": 0.001013900747348015,
    "code_complexity": 22.54898691177368,
    "task_completion_rate": 0.9489879302915263,
    "cost_efficiency": 0.8989877681827056
  }
}