{
  "timestamp": "2025-07-10T20:57:02.861175",
  "our_metrics": {
    "avg_accuracy": 0.6673848812406694,
    "adaptation_speed": 0.8544647016483812,
    "generalization": 0.6628811820795797,
    "meta_learning_effectiveness": 0.7230334024105356,
    "improvement_rate": 0,
    "recursive_depth": 0.1,
    "stability": 1.0,
    "architecture_quality": 0.806641309325788
  },
  "baseline_comparisons": {
    "standard_neural_networks": {
      "single": {
        "baseline_name": "standard_neural_networks",
        "metric_comparisons": {
          "avg_accuracy": {
            "our_value": 0.6673848812406694,
            "baseline_value": 0.75,
            "ratio": 0.8898465083208925,
            "improvement": -0.11015349167910744,
            "winner": "baseline"
          },
          "adaptation_speed": {
            "our_value": 0.8544647016483812,
            "baseline_value": 0.3,
            "ratio": 2.848215672161271,
            "improvement": 1.8482156721612708,
            "winner": "ours"
          },
          "generalization": {
            "our_value": 0.6628811820795797,
            "baseline_value": 0.65,
            "ratio": 1.0198172031993533,
            "improvement": 0.019817203199353334,
            "winner": "ours"
          }
        },
        "overall_performance_ratio": 1.5859597945605055,
        "wins": 2,
        "losses": 1,
        "ties": 0
      }
    },
    "meta_learning_baselines": {
      "maml": {
        "baseline_name": "meta_learning_baselines_maml",
        "metric_comparisons": {
          "avg_accuracy": {
            "our_value": 0.6673848812406694,
            "baseline_value": 0.82,
            "ratio": 0.8138840015130115,
            "improvement": -0.18611599848698848,
            "winner": "baseline"
          },
          "adaptation_speed": {
            "our_value": 0.8544647016483812,
            "baseline_value": 0.7,
            "ratio": 1.2206638594976875,
            "improvement": 0.22066385949768746,
            "winner": "ours"
          },
          "generalization": {
            "our_value": 0.6628811820795797,
            "baseline_value": 0.78,
            "ratio": 0.8498476693327944,
            "improvement": -0.15015233066720557,
            "winner": "baseline"
          }
        },
        "overall_performance_ratio": 0.9614651767811645,
        "wins": 1,
        "losses": 2,
        "ties": 0
      },
      "reptile": {
        "baseline_name": "meta_learning_baselines_reptile",
        "metric_comparisons": {
          "avg_accuracy": {
            "our_value": 0.6673848812406694,
            "baseline_value": 0.79,
            "ratio": 0.8447909889122397,
            "improvement": -0.15520901108776028,
            "winner": "baseline"
          },
          "adaptation_speed": {
            "our_value": 0.8544647016483812,
            "baseline_value": 0.65,
            "ratio": 1.3145610794590479,
            "improvement": 0.31456107945904793,
            "winner": "ours"
          },
          "generalization": {
            "our_value": 0.6628811820795797,
            "baseline_value": 0.74,
            "ratio": 0.8957853811886212,
            "improvement": -0.10421461881137879,
            "winner": "baseline"
          }
        },
        "overall_performance_ratio": 1.018379149853303,
        "wins": 1,
        "losses": 2,
        "ties": 0
      }
    },
    "nas_baselines": {
      "darts": {
        "baseline_name": "nas_baselines_darts",
        "metric_comparisons": {
          "avg_accuracy": {
            "our_value": 0.6673848812406694,
            "baseline_value": 0.85,
            "ratio": 0.7851586838125523,
            "improvement": -0.21484131618744773,
            "winner": "baseline"
          },
          "adaptation_speed": {
            "our_value": 0.8544647016483812,
            "baseline_value": 0.4,
            "ratio": 2.1361617541209528,
            "improvement": 1.1361617541209528,
            "winner": "ours"
          },
          "generalization": {
            "our_value": 0.6628811820795797,
            "baseline_value": 0.81,
            "ratio": 0.8183718297278761,
            "improvement": -0.18162817027212388,
            "winner": "baseline"
          }
        },
        "overall_performance_ratio": 1.2465640892204604,
        "wins": 1,
        "losses": 2,
        "ties": 0
      },
      "enas": {
        "baseline_name": "nas_baselines_enas",
        "metric_comparisons": {
          "avg_accuracy": {
            "our_value": 0.6673848812406694,
            "baseline_value": 0.83,
            "ratio": 0.8040781701694812,
            "improvement": -0.19592182983051873,
            "winner": "baseline"
          },
          "adaptation_speed": {
            "our_value": 0.8544647016483812,
            "baseline_value": 0.45,
            "ratio": 1.8988104481075136,
            "improvement": 0.8988104481075136,
            "winner": "ours"
          },
          "generalization": {
            "our_value": 0.6628811820795797,
            "baseline_value": 0.79,
            "ratio": 0.8390901038982022,
            "improvement": -0.1609098961017979,
            "winner": "baseline"
          }
        },
        "overall_performance_ratio": 1.180659574058399,
        "wins": 1,
        "losses": 2,
        "ties": 0
      }
    }
  },
  "competitive_scores": {
    "vs_standard_nn": 1.5859597945605055,
    "vs_meta_learning": 0.9899221633172337,
    "vs_nas": 1.2136118316394295,
    "overall_competitive_score": 1.1986055568947664
  },
  "insights": [
    "Excellent: System outperforms baselines by 19.9% on average",
    "Key strengths: Strong performance vs nas_baselines"
  ],
  "summary": {
    "competitive_ranking": "Excellent",
    "key_findings": [
      "Excellent: System outperforms baselines by 19.9% on average",
      "Key strengths: Strong performance vs nas_baselines"
    ],
    "recommendation": "System demonstrates strong competitive advantage. Focus on optimization and deployment.",
    "next_steps": [
      "Increase meta-learning training iterations and hyperparameter optimization",
      "Prepare for publication and real-world deployment testing",
      "Conduct ablation studies to identify key performance drivers",
      "Test on additional benchmark datasets for broader validation"
    ]
  }
}